id,keyword,questionTitle,cluster,searchIntent,primaryKeyword,supportingKeywords,sourceType,impressions,trend,clicks,ctr,ctrStatus,priorityScore,slug,canonicalTarget,answerType,outline,relatedProviders,internalLinks,indexStatus,bodyCharCount,lastChecked
1,机场选购避坑,2026年新手第一次选机场应该注意什么？,选型与推荐,信息解答,机场选购避坑,"机场推荐, 节点选购, 排错教程",user_seed,500,stable,0,0.0,unknown,80,faq-001,/faq/faq-001/,detailed_article,直接答案 - 深入原理 - 步骤与排错 - 推荐与核验,"lingdong-cloud, twilight, flycat-cloud, breezenet","/faq/, /recommendations/, /clients/",index,950,2026-09-19
2,性价比机场,性价比机场和高价专线机场主要区别在哪？,选型与推荐,信息解答,性价比机场,"机场推荐, 节点选购, 排错教程",user_seed,500,stable,0,0.0,unknown,80,faq-002,/faq/faq-002/,detailed_article,直接答案 - 深入原理 - 步骤与排错 - 推荐与核验,"lingdong-cloud, twilight, flycat-cloud, breezenet","/faq/, /recommendations/, /clients/",index,950,2026-09-19
3,月付机场,月付机场和年付机场哪个更划算？,选型与推荐,信息解答,月付机场,"机场推荐, 节点选购, 排错教程",user_seed,500,stable,0,0.0,unknown,80,faq-003,/faq/faq-003/,detailed_article,直接答案 - 深入原理 - 步骤与排错 - 推荐与核验,"lingdong-cloud, twilight, flycat-cloud, breezenet","/faq/, /recommendations/, /clients/",index,950,2026-09-19
4,备用机场,备用机场有必要购买吗？怎么搭配最省钱？,选型与推荐,信息解答,备用机场,"机场推荐, 节点选购, 排错教程",user_seed,500,stable,0,0.0,unknown,80,faq-004,/faq/faq-004/,detailed_article,直接答案 - 深入原理 - 步骤与排错 - 推荐与核验,"lingdong-cloud, twilight, flycat-cloud, breezenet","/faq/, /recommendations/, /clients/",index,950,2026-09-19
5,IEPL专线,IEPL专线机场真的能做到晚高峰不卡顿吗？,选型与推荐,信息解答,IEPL专线,"机场推荐, 节点选购, 排错教程",user_seed,500,stable,0,0.0,unknown,80,faq-005,/faq/faq-005/,detailed_article,直接答案 - 深入原理 - 步骤与排错 - 推荐与核验,"lingdong-cloud, twilight, flycat-cloud, breezenet","/faq/, /recommendations/, /clients/",index,950,2026-09-19
6,小流量年付,低流量年付套餐适合哪些使用人群？,选型与推荐,信息解答,小流量年付,"机场推荐, 节点选购, 排错教程",user_seed,500,stable,0,0.0,unknown,80,faq-006,/faq/faq-006/,detailed_article,直接答案 - 深入原理 - 步骤与排错 - 推荐与核验,"lingdong-cloud, twilight, flycat-cloud, breezenet","/faq/, /recommendations/, /clients/",index,950,2026-09-19
7,大流量机场,大流量机场套餐成本如何计算？,选型与推荐,信息解答,大流量机场,"机场推荐, 节点选购, 排错教程",user_seed,500,stable,0,0.0,unknown,80,faq-007,/faq/faq-007/,detailed_article,直接答案 - 深入原理 - 步骤与排错 - 推荐与核验,"lingdong-cloud, twilight, flycat-cloud, breezenet","/faq/, /recommendations/, /clients/",index,950,2026-09-19
8,机场避坑,如何判断一家机场服务商是否随时可能跑路？,选型与推荐,信息解答,机场避坑,"机场推荐, 节点选购, 排错教程",user_seed,500,stable,0,0.0,unknown,80,faq-008,/faq/faq-008/,detailed_article,直接答案 - 深入原理 - 步骤与排错 - 推荐与核验,"lingdong-cloud, twilight, flycat-cloud, breezenet","/faq/, /recommendations/, /clients/",index,950,2026-09-19
9,免费机场风险,免费机场和付费机场有什么安全隐患？,选型与推荐,信息解答,免费机场风险,"机场推荐, 节点选购, 排错教程",user_seed,500,stable,0,0.0,unknown,80,faq-009,/faq/faq-009/,detailed_article,直接答案 - 深入原理 - 步骤与排错 - 推荐与核验,"lingdong-cloud, twilight, flycat-cloud, breezenet","/faq/, /recommendations/, /clients/",index,950,2026-09-19
10,远程办公节点,远程办公应该选择什么样的网络节点？,选型与推荐,信息解答,远程办公节点,"机场推荐, 节点选购, 排错教程",user_seed,500,stable,0,0.0,unknown,80,faq-010,/faq/faq-010/,detailed_article,直接答案 - 深入原理 - 步骤与排错 - 推荐与核验,"lingdong-cloud, twilight, flycat-cloud, breezenet","/faq/, /recommendations/, /clients/",index,950,2026-09-19
11,4K影音节点,影音看4K视频需要多大的节点带宽？,选型与推荐,信息解答,4K影音节点,"机场推荐, 节点选购, 排错教程",user_seed,500,stable,0,0.0,unknown,80,faq-011,/faq/faq-011/,detailed_article,直接答案 - 深入原理 - 步骤与排错 - 推荐与核验,"lingdong-cloud, twilight, flycat-cloud, breezenet","/faq/, /recommendations/, /clients/",index,950,2026-09-19
12,多地区节点,多地区出口 IP 节点有什么实际作用？,选型与推荐,信息解答,多地区节点,"机场推荐, 节点选购, 排错教程",user_seed,500,stable,0,0.0,unknown,80,faq-012,/faq/faq-012/,detailed_article,直接答案 - 深入原理 - 步骤与排错 - 推荐与核验,"lingdong-cloud, twilight, flycat-cloud, breezenet","/faq/, /recommendations/, /clients/",index,950,2026-09-19
13,一次性流量包,按量计费 (一次性流量包) 机场划算吗？,选型与推荐,信息解答,一次性流量包,"机场推荐, 节点选购, 排错教程",user_seed,500,stable,0,0.0,unknown,80,faq-013,/faq/faq-013/,detailed_article,直接答案 - 深入原理 - 步骤与排错 - 推荐与核验,"lingdong-cloud, twilight, flycat-cloud, breezenet","/faq/, /recommendations/, /clients/",index,950,2026-09-19
14,无限流量陷阱,机场服务商宣称的“无限流量”靠谱吗？,选型与推荐,信息解答,无限流量陷阱,"机场推荐, 节点选购, 排错教程",user_seed,500,stable,0,0.0,unknown,80,faq-014,/faq/faq-014/,detailed_article,直接答案 - 深入原理 - 步骤与排错 - 推荐与核验,"lingdong-cloud, twilight, flycat-cloud, breezenet","/faq/, /recommendations/, /clients/",index,950,2026-09-19
15,新开业机场,新开业的机场推荐购买吗？有什么风险？,选型与推荐,信息解答,新开业机场,"机场推荐, 节点选购, 排错教程",user_seed,500,stable,0,0.0,unknown,80,faq-015,/faq/faq-015/,detailed_article,直接答案 - 深入原理 - 步骤与排错 - 推荐与核验,"lingdong-cloud, twilight, flycat-cloud, breezenet","/faq/, /recommendations/, /clients/",index,950,2026-09-19
16,节点测速,如何测试本地网络对某机场节点的实际延迟？,选型与推荐,信息解答,节点测速,"机场推荐, 节点选购, 排错教程",user_seed,500,stable,0,0.0,unknown,80,faq-016,/faq/faq-016/,detailed_article,直接答案 - 深入原理 - 步骤与排错 - 推荐与核验,"lingdong-cloud, twilight, flycat-cloud, breezenet","/faq/, /recommendations/, /clients/",index,950,2026-09-19
17,中转节点,公网中转节点和直连节点区别有多大？,选型与推荐,信息解答,中转节点,"机场推荐, 节点选购, 排错教程",user_seed,500,stable,0,0.0,unknown,80,faq-017,/faq/faq-017/,detailed_article,直接答案 - 深入原理 - 步骤与排错 - 推荐与核验,"lingdong-cloud, twilight, flycat-cloud, breezenet","/faq/, /recommendations/, /clients/",index,950,2026-09-19
18,机场售后,选择机场时客服售后支持有多重要？,选型与推荐,信息解答,机场售后,"机场推荐, 节点选购, 排错教程",user_seed,500,stable,0,0.0,unknown,80,faq-018,/faq/faq-018/,detailed_article,直接答案 - 深入原理 - 步骤与排错 - 推荐与核验,"lingdong-cloud, twilight, flycat-cloud, breezenet","/faq/, /recommendations/, /clients/",index,950,2026-09-19
19,Clash Verge,Clash Verge Rev 如何导入订阅链接？,Clash 客户端,信息解答,Clash Verge,"机场推荐, 节点选购, 排错教程",user_seed,500,stable,0,0.0,unknown,80,faq-019,/faq/faq-019/,detailed_article,直接答案 - 深入原理 - 步骤与排错 - 推荐与核验,"lingdong-cloud, twilight, flycat-cloud, breezenet","/faq/, /recommendations/, /clients/",index,950,2026-09-19
20,Clash分流规则,Clash 的 Rule 规则模式与 Global 全局模式有什么区别？,Clash 客户端,信息解答,Clash分流规则,"机场推荐, 节点选购, 排错教程",user_seed,500,stable,0,0.0,unknown,80,faq-020,/faq/faq-020/,detailed_article,直接答案 - 深入原理 - 步骤与排错 - 推荐与核验,"lingdong-cloud, twilight, flycat-cloud, breezenet","/faq/, /recommendations/, /clients/",index,950,2026-09-19
21,Clash TUN排错,Clash 开启 TUN 模式后无网络连接怎么办？,Clash 客户端,信息解答,Clash TUN排错,"机场推荐, 节点选购, 排错教程",user_seed,500,stable,0,0.0,unknown,80,faq-021,/faq/faq-021/,detailed_article,直接答案 - 深入原理 - 步骤与排错 - 推荐与核验,"lingdong-cloud, twilight, flycat-cloud, breezenet","/faq/, /recommendations/, /clients/",index,950,2026-09-19
22,Clash订阅更新,Clash 订阅更新失败提示 Network Error 怎么排障？,Clash 客户端,信息解答,Clash订阅更新,"机场推荐, 节点选购, 排错教程",user_seed,500,stable,0,0.0,unknown,80,faq-022,/faq/faq-022/,detailed_article,直接答案 - 深入原理 - 步骤与排错 - 推荐与核验,"lingdong-cloud, twilight, flycat-cloud, breezenet","/faq/, /recommendations/, /clients/",index,950,2026-09-19
23,Clash Meta内核,Clash Meta 内核与 Alpha 内核选哪个更好？,Clash 客户端,信息解答,Clash Meta内核,"机场推荐, 节点选购, 排错教程",user_seed,500,stable,0,0.0,unknown,80,faq-023,/faq/faq-023/,detailed_article,直接答案 - 深入原理 - 步骤与排错 - 推荐与核验,"lingdong-cloud, twilight, flycat-cloud, breezenet","/faq/, /recommendations/, /clients/",index,950,2026-09-19
24,Clash规则修改,如何在 Clash 中手动修改节点分组与分流规则？,Clash 客户端,信息解答,Clash规则修改,"机场推荐, 节点选购, 排错教程",user_seed,500,stable,0,0.0,unknown,80,faq-024,/faq/faq-024/,detailed_article,直接答案 - 深入原理 - 步骤与排错 - 推荐与核验,"lingdong-cloud, twilight, flycat-cloud, breezenet","/faq/, /recommendations/, /clients/",index,950,2026-09-19
25,Clash内存优化,Clash 占用内存过高怎么优化设置？,Clash 客户端,信息解答,Clash内存优化,"机场推荐, 节点选购, 排错教程",user_seed,500,stable,0,0.0,unknown,80,faq-025,/faq/faq-025/,detailed_article,直接答案 - 深入原理 - 步骤与排错 - 推荐与核验,"lingdong-cloud, twilight, flycat-cloud, breezenet","/faq/, /recommendations/, /clients/",index,950,2026-09-19
26,Clash高级配置,Clash 混合配置 (Mixin) 和预处理 (Script) 怎么用？,Clash 客户端,信息解答,Clash高级配置,"机场推荐, 节点选购, 排错教程",user_seed,500,stable,0,0.0,unknown,80,faq-026,/faq/faq-026/,detailed_article,直接答案 - 深入原理 - 步骤与排错 - 推荐与核验,"lingdong-cloud, twilight, flycat-cloud, breezenet","/faq/, /recommendations/, /clients/",index,950,2026-09-19
27,Clash自启故障,Windows 开机自启 Clash 失败怎么解决？,Clash 客户端,信息解答,Clash自启故障,"机场推荐, 节点选购, 排错教程",user_seed,500,stable,0,0.0,unknown,80,faq-027,/faq/faq-027/,detailed_article,直接答案 - 深入原理 - 步骤与排错 - 推荐与核验,"lingdong-cloud, twilight, flycat-cloud, breezenet","/faq/, /recommendations/, /clients/",index,950,2026-09-19
28,Clash DNS泄漏,Clash 的 DNS 泄漏防范设置应该怎么选？,Clash 客户端,信息解答,Clash DNS泄漏,"机场推荐, 节点选购, 排错教程",user_seed,500,stable,0,0.0,unknown,80,faq-028,/faq/faq-028/,detailed_article,直接答案 - 深入原理 - 步骤与排错 - 推荐与核验,"lingdong-cloud, twilight, flycat-cloud, breezenet","/faq/, /recommendations/, /clients/",index,950,2026-09-19
29,Clash端口占用,Clash 连接提示 Port is already in use 报错解决,Clash 客户端,信息解答,Clash端口占用,"机场推荐, 节点选购, 排错教程",user_seed,500,stable,0,0.0,unknown,80,faq-029,/faq/faq-029/,detailed_article,直接答案 - 深入原理 - 步骤与排错 - 推荐与核验,"lingdong-cloud, twilight, flycat-cloud, breezenet","/faq/, /recommendations/, /clients/",index,950,2026-09-19
30,Mac Clash,如何在 Mac 上安装配置 Clash Verge？,Clash 客户端,信息解答,Mac Clash,"机场推荐, 节点选购, 排错教程",user_seed,500,stable,0,0.0,unknown,80,faq-030,/faq/faq-030/,detailed_article,直接答案 - 深入原理 - 步骤与排错 - 推荐与核验,"lingdong-cloud, twilight, flycat-cloud, breezenet","/faq/, /recommendations/, /clients/",index,950,2026-09-19
31,订阅转换,Clash 订阅链接如何转换为 Sing-box 格式？,Clash 客户端,信息解答,订阅转换,"机场推荐, 节点选购, 排错教程",user_seed,500,stable,0,0.0,unknown,80,faq-031,/faq/faq-031/,detailed_article,直接答案 - 深入原理 - 步骤与排错 - 推荐与核验,"lingdong-cloud, twilight, flycat-cloud, breezenet","/faq/, /recommendations/, /clients/",index,950,2026-09-19
32,Clash配置备份,Clash Verge 的备份与跨设备同步配置方法,Clash 客户端,信息解答,Clash配置备份,"机场推荐, 节点选购, 排错教程",user_seed,500,stable,0,0.0,unknown,80,faq-032,/faq/faq-032/,detailed_article,直接答案 - 深入原理 - 步骤与排错 - 推荐与核验,"lingdong-cloud, twilight, flycat-cloud, breezenet","/faq/, /recommendations/, /clients/",index,950,2026-09-19
33,SS协议,Shadowsocks (SS) 协议现在还稳定安全吗？,SS 协议,信息解答,SS协议,"机场推荐, 节点选购, 排错教程",user_seed,500,stable,0,0.0,unknown,80,faq-033,/faq/faq-033/,detailed_article,直接答案 - 深入原理 - 步骤与排错 - 推荐与核验,"lingdong-cloud, twilight, flycat-cloud, breezenet","/faq/, /recommendations/, /clients/",index,950,2026-09-19
34,SS2022,SS 协议的 2022 新标准有哪些性能提升？,SS 协议,信息解答,SS2022,"机场推荐, 节点选购, 排错教程",user_seed,500,stable,0,0.0,unknown,80,faq-034,/faq/faq-034/,detailed_article,直接答案 - 深入原理 - 步骤与排错 - 推荐与核验,"lingdong-cloud, twilight, flycat-cloud, breezenet","/faq/, /recommendations/, /clients/",index,950,2026-09-19
35,SS丢包,Shadowsocks 节点在晚高峰容易丢包原因解析,SS 协议,信息解答,SS丢包,"机场推荐, 节点选购, 排错教程",user_seed,500,stable,0,0.0,unknown,80,faq-035,/faq/faq-035/,detailed_article,直接答案 - 深入原理 - 步骤与排错 - 推荐与核验,"lingdong-cloud, twilight, flycat-cloud, breezenet","/faq/, /recommendations/, /clients/",index,950,2026-09-19
36,SS客户端配置,如何配置 Shadowsocks 客户端代理参数？,SS 协议,信息解答,SS客户端配置,"机场推荐, 节点选购, 排错教程",user_seed,500,stable,0,0.0,unknown,80,faq-036,/faq/faq-036/,detailed_article,直接答案 - 深入原理 - 步骤与排错 - 推荐与核验,"lingdong-cloud, twilight, flycat-cloud, breezenet","/faq/, /recommendations/, /clients/",index,950,2026-09-19
37,SS与SSR区别,Shadowsocks 和 ShadowsocksR (SSR) 有何区别？,SS 协议,信息解答,SS与SSR区别,"机场推荐, 节点选购, 排错教程",user_seed,500,stable,0,0.0,unknown,80,faq-037,/faq/faq-037/,detailed_article,直接答案 - 深入原理 - 步骤与排错 - 推荐与核验,"lingdong-cloud, twilight, flycat-cloud, breezenet","/faq/, /recommendations/, /clients/",index,950,2026-09-19
38,SS UDP转发,SS 协议支持 UDP 转发吗？如何开启？,SS 协议,信息解答,SS UDP转发,"机场推荐, 节点选购, 排错教程",user_seed,500,stable,0,0.0,unknown,80,faq-038,/faq/faq-038/,detailed_article,直接答案 - 深入原理 - 步骤与排错 - 推荐与核验,"lingdong-cloud, twilight, flycat-cloud, breezenet","/faq/, /recommendations/, /clients/",index,950,2026-09-19
39,SS超时故障,为什么 SS 节点导入后显示 Timeout 超时？,SS 协议,信息解答,SS超时故障,"机场推荐, 节点选购, 排错教程",user_seed,500,stable,0,0.0,unknown,80,faq-039,/faq/faq-039/,detailed_article,直接答案 - 深入原理 - 步骤与排错 - 推荐与核验,"lingdong-cloud, twilight, flycat-cloud, breezenet","/faq/, /recommendations/, /clients/",index,950,2026-09-19
40,SS插件,Shadowsocks 插件 (obfs / v2ray-plugin) 作用,SS 协议,信息解答,SS插件,"机场推荐, 节点选购, 排错教程",user_seed,500,stable,0,0.0,unknown,80,faq-040,/faq/faq-040/,detailed_article,直接答案 - 深入原理 - 步骤与排错 - 推荐与核验,"lingdong-cloud, twilight, flycat-cloud, breezenet","/faq/, /recommendations/, /clients/",index,950,2026-09-19
41,iOS SS客户端,iOS 上哪些客户端原生支持 SS 2022 协议？,SS 协议,信息解答,iOS SS客户端,"机场推荐, 节点选购, 排错教程",user_seed,500,stable,0,0.0,unknown,80,faq-041,/faq/faq-041/,detailed_article,直接答案 - 深入原理 - 步骤与排错 - 推荐与核验,"lingdong-cloud, twilight, flycat-cloud, breezenet","/faq/, /recommendations/, /clients/",index,950,2026-09-19
42,自建SS对比,自建 SS 节点和购买 SS 专线机场哪个划算？,SS 协议,信息解答,自建SS对比,"机场推荐, 节点选购, 排错教程",user_seed,500,stable,0,0.0,unknown,80,faq-042,/faq/faq-042/,detailed_article,直接答案 - 深入原理 - 步骤与排错 - 推荐与核验,"lingdong-cloud, twilight, flycat-cloud, breezenet","/faq/, /recommendations/, /clients/",index,950,2026-09-19
43,Trojan协议,Trojan 代理协议传输原理与伪装机制是什么？,Trojan 协议,信息解答,Trojan协议,"机场推荐, 节点选购, 排错教程",user_seed,500,stable,0,0.0,unknown,80,faq-043,/faq/faq-043/,detailed_article,直接答案 - 深入原理 - 步骤与排错 - 推荐与核验,"lingdong-cloud, twilight, flycat-cloud, breezenet","/faq/, /recommendations/, /clients/",index,950,2026-09-19
44,Trojan抗封,Trojan 协议比 SS/V2ray 更抗封锁吗？,Trojan 协议,信息解答,Trojan抗封,"机场推荐, 节点选购, 排错教程",user_seed,500,stable,0,0.0,unknown,80,faq-044,/faq/faq-044/,detailed_article,直接答案 - 深入原理 - 步骤与排错 - 推荐与核验,"lingdong-cloud, twilight, flycat-cloud, breezenet","/faq/, /recommendations/, /clients/",index,950,2026-09-19
45,Trojan证书,Trojan 节点需要绑定真实域名和 TLS 证书吗？,Trojan 协议,信息解答,Trojan证书,"机场推荐, 节点选购, 排错教程",user_seed,500,stable,0,0.0,unknown,80,faq-045,/faq/faq-045/,detailed_article,直接答案 - 深入原理 - 步骤与排错 - 推荐与核验,"lingdong-cloud, twilight, flycat-cloud, breezenet","/faq/, /recommendations/, /clients/",index,950,2026-09-19
46,Trojan Windows,如何在 Windows 上配置 Trojan 专用客户端？,Trojan 协议,信息解答,Trojan Windows,"机场推荐, 节点选购, 排错教程",user_seed,500,stable,0,0.0,unknown,80,faq-046,/faq/faq-046/,detailed_article,直接答案 - 深入原理 - 步骤与排错 - 推荐与核验,"lingdong-cloud, twilight, flycat-cloud, breezenet","/faq/, /recommendations/, /clients/",index,950,2026-09-19
47,Trojan耗电,Trojan 协议在移动端 (Android/iOS) 耗电量大吗？,Trojan 协议,信息解答,Trojan耗电,"机场推荐, 节点选购, 排错教程",user_seed,500,stable,0,0.0,unknown,80,faq-047,/faq/faq-047/,detailed_article,直接答案 - 深入原理 - 步骤与排错 - 推荐与核验,"lingdong-cloud, twilight, flycat-cloud, breezenet","/faq/, /recommendations/, /clients/",index,950,2026-09-19
48,Trojan证书报错,Trojan 节点提示 Certificate Validation Failed 解决,Trojan 协议,信息解答,Trojan证书报错,"机场推荐, 节点选购, 排错教程",user_seed,500,stable,0,0.0,unknown,80,faq-048,/faq/faq-048/,detailed_article,直接答案 - 深入原理 - 步骤与排错 - 推荐与核验,"lingdong-cloud, twilight, flycat-cloud, breezenet","/faq/, /recommendations/, /clients/",index,950,2026-09-19
49,Trojan-Go,Trojan-Go 和 原版 Trojan 协议有什么改进？,Trojan 协议,信息解答,Trojan-Go,"机场推荐, 节点选购, 排错教程",user_seed,500,stable,0,0.0,unknown,80,faq-049,/faq/faq-049/,detailed_article,直接答案 - 深入原理 - 步骤与排错 - 推荐与核验,"lingdong-cloud, twilight, flycat-cloud, breezenet","/faq/, /recommendations/, /clients/",index,950,2026-09-19
50,Trojan握手延迟,为什么 Trojan 节点首次连接延迟比较高？,Trojan 协议,信息解答,Trojan握手延迟,"机场推荐, 节点选购, 排错教程",user_seed,500,stable,0,0.0,unknown,80,faq-050,/faq/faq-050/,detailed_article,直接答案 - 深入原理 - 步骤与排错 - 推荐与核验,"lingdong-cloud, twilight, flycat-cloud, breezenet","/faq/, /recommendations/, /clients/",index,950,2026-09-19
51,Sing-box Trojan,Sing-box 客户端如何配置 Trojan 协议订阅？,Trojan 协议,信息解答,Sing-box Trojan,"机场推荐, 节点选购, 排错教程",user_seed,500,stable,0,0.0,unknown,80,faq-051,/faq/faq-051/,detailed_article,直接答案 - 深入原理 - 步骤与排错 - 推荐与核验,"lingdong-cloud, twilight, flycat-cloud, breezenet","/faq/, /recommendations/, /clients/",index,950,2026-09-19
52,Trojan 4K影音,Trojan 专线机场适合用来观看 4K 流媒体吗？,Trojan 协议,信息解答,Trojan 4K影音,"机场推荐, 节点选购, 排错教程",user_seed,500,stable,0,0.0,unknown,80,faq-052,/faq/faq-052/,detailed_article,直接答案 - 深入原理 - 步骤与排错 - 推荐与核验,"lingdong-cloud, twilight, flycat-cloud, breezenet","/faq/, /recommendations/, /clients/",index,950,2026-09-19
53,梯子服务,口语常说的“梯子”与正式网络节点有什么联系？,梯子服务与风险,信息解答,梯子服务,"机场推荐, 节点选购, 排错教程",user_seed,500,stable,0,0.0,unknown,80,faq-053,/faq/faq-053/,detailed_article,直接答案 - 深入原理 - 步骤与排错 - 推荐与核验,"lingdong-cloud, twilight, flycat-cloud, breezenet","/faq/, /recommendations/, /clients/",index,950,2026-09-19
54,梯子隐私风险,选择梯子工具时如何防范个人隐私泄露？,梯子服务与风险,信息解答,梯子隐私风险,"机场推荐, 节点选购, 排错教程",user_seed,500,stable,0,0.0,unknown,80,faq-054,/faq/faq-054/,detailed_article,直接答案 - 深入原理 - 步骤与排错 - 推荐与核验,"lingdong-cloud, twilight, flycat-cloud, breezenet","/faq/, /recommendations/, /clients/",index,950,2026-09-19
55,免费梯子警告,网上免费公开的梯子节点能长期用吗？,梯子服务与风险,信息解答,免费梯子警告,"机场推荐, 节点选购, 排错教程",user_seed,500,stable,0,0.0,unknown,80,faq-055,/faq/faq-055/,detailed_article,直接答案 - 深入原理 - 步骤与排错 - 推荐与核验,"lingdong-cloud, twilight, flycat-cloud, breezenet","/faq/, /recommendations/, /clients/",index,950,2026-09-19
56,梯子延迟排查,公网梯子节点延迟过高怎么优化排查？,梯子服务与风险,信息解答,梯子延迟排查,"机场推荐, 节点选购, 排错教程",user_seed,500,stable,0,0.0,unknown,80,faq-056,/faq/faq-056/,detailed_article,直接答案 - 深入原理 - 步骤与排错 - 推荐与核验,"lingdong-cloud, twilight, flycat-cloud, breezenet","/faq/, /recommendations/, /clients/",index,950,2026-09-19
57,梯子国内分流,梯子工具会导致国内应用访问变慢吗？,梯子服务与风险,信息解答,梯子国内分流,"机场推荐, 节点选购, 排错教程",user_seed,500,stable,0,0.0,unknown,80,faq-057,/faq/faq-057/,detailed_article,直接答案 - 深入原理 - 步骤与排错 - 推荐与核验,"lingdong-cloud, twilight, flycat-cloud, breezenet","/faq/, /recommendations/, /clients/",index,950,2026-09-19
58,梯子虚假宣传,如何识别虚假营销的“全网最快梯子”？,梯子服务与风险,信息解答,梯子虚假宣传,"机场推荐, 节点选购, 排错教程",user_seed,500,stable,0,0.0,unknown,80,faq-058,/faq/faq-058/,detailed_article,直接答案 - 深入原理 - 步骤与排错 - 推荐与核验,"lingdong-cloud, twilight, flycat-cloud, breezenet","/faq/, /recommendations/, /clients/",index,950,2026-09-19
59,梯子风控提醒,使用梯子连接海外银行或支付工具注意事项,梯子服务与风险,信息解答,梯子风控提醒,"机场推荐, 节点选购, 排错教程",user_seed,500,stable,0,0.0,unknown,80,faq-059,/faq/faq-059/,detailed_article,直接答案 - 深入原理 - 步骤与排错 - 推荐与核验,"lingdong-cloud, twilight, flycat-cloud, breezenet","/faq/, /recommendations/, /clients/",index,950,2026-09-19
60,企业内网安全,公司电脑或企业内网安装梯子软件风险,梯子服务与风险,信息解答,企业内网安全,"机场推荐, 节点选购, 排错教程",user_seed,500,stable,0,0.0,unknown,80,faq-060,/faq/faq-060/,detailed_article,直接答案 - 深入原理 - 步骤与排错 - 推荐与核验,"lingdong-cloud, twilight, flycat-cloud, breezenet","/faq/, /recommendations/, /clients/",index,950,2026-09-19
61,节点地区选择,香港节点、日本节点与新加坡节点怎么选？,节点与地区,信息解答,节点地区选择,"机场推荐, 节点选购, 排错教程",user_seed,500,stable,0,0.0,unknown,80,faq-061,/faq/faq-061/,detailed_article,直接答案 - 深入原理 - 步骤与排错 - 推荐与核验,"lingdong-cloud, twilight, flycat-cloud, breezenet","/faq/, /recommendations/, /clients/",index,950,2026-09-19
62,原生IP解锁,为什么解锁 Netflix / Disney+ 需要原生 IP 节点？,节点与地区,信息解答,原生IP解锁,"机场推荐, 节点选购, 排错教程",user_seed,500,stable,0,0.0,unknown,80,faq-062,/faq/faq-062/,detailed_article,直接答案 - 深入原理 - 步骤与排错 - 推荐与核验,"lingdong-cloud, twilight, flycat-cloud, breezenet","/faq/, /recommendations/, /clients/",index,950,2026-09-19
63,节点倍率,"节点倍率 (1x, 2x, 0.5x) 是什么意思？怎么扣流量？",节点与地区,信息解答,节点倍率,"机场推荐, 节点选购, 排错教程",user_seed,500,stable,0,0.0,unknown,80,faq-063,/faq/faq-063/,detailed_article,直接答案 - 深入原理 - 步骤与排错 - 推荐与核验,"lingdong-cloud, twilight, flycat-cloud, breezenet","/faq/, /recommendations/, /clients/",index,950,2026-09-19
64,美国节点,美国节点延迟高达 180ms 适合哪些使用场景？,节点与地区,信息解答,美国节点,"机场推荐, 节点选购, 排错教程",user_seed,500,stable,0,0.0,unknown,80,faq-064,/faq/faq-064/,detailed_article,直接答案 - 深入原理 - 步骤与排错 - 推荐与核验,"lingdong-cloud, twilight, flycat-cloud, breezenet","/faq/, /recommendations/, /clients/",index,950,2026-09-19
65,香港IP验证码,香港节点为什么有时候看 Google 会跳验证码？,节点与地区,信息解答,香港IP验证码,"机场推荐, 节点选购, 排错教程",user_seed,500,stable,0,0.0,unknown,80,faq-065,/faq/faq-065/,detailed_article,直接答案 - 深入原理 - 步骤与排错 - 推荐与核验,"lingdong-cloud, twilight, flycat-cloud, breezenet","/faq/, /recommendations/, /clients/",index,950,2026-09-19
66,台湾节点,台湾节点在看巴哈姆特/动画疯方面的优势,节点与地区,信息解答,台湾节点,"机场推荐, 节点选购, 排错教程",user_seed,500,stable,0,0.0,unknown,80,faq-066,/faq/faq-066/,detailed_article,直接答案 - 深入原理 - 步骤与排错 - 推荐与核验,"lingdong-cloud, twilight, flycat-cloud, breezenet","/faq/, /recommendations/, /clients/",index,950,2026-09-19
67,中转与专线,节点列表中显示“BGP 中转”和“IEPL 专线”怎么区分？,节点与地区,信息解答,中转与专线,"机场推荐, 节点选购, 排错教程",user_seed,500,stable,0,0.0,unknown,80,faq-067,/faq/faq-067/,detailed_article,直接答案 - 深入原理 - 步骤与排错 - 推荐与核验,"lingdong-cloud, twilight, flycat-cloud, breezenet","/faq/, /recommendations/, /clients/",index,950,2026-09-19
68,冷门地区节点,冷门地区节点 (如阿根廷、土耳其) 有什么用？,节点与地区,信息解答,冷门地区节点,"机场推荐, 节点选购, 排错教程",user_seed,500,stable,0,0.0,unknown,80,faq-068,/faq/faq-068/,detailed_article,直接答案 - 深入原理 - 步骤与排错 - 推荐与核验,"lingdong-cloud, twilight, flycat-cloud, breezenet","/faq/, /recommendations/, /clients/",index,950,2026-09-19
69,低倍率节点,为什么节点名称里的 0.1x 廉价节点下载特别慢？,节点与地区,信息解答,低倍率节点,"机场推荐, 节点选购, 排错教程",user_seed,500,stable,0,0.0,unknown,80,faq-069,/faq/faq-069/,detailed_article,直接答案 - 深入原理 - 步骤与排错 - 推荐与核验,"lingdong-cloud, twilight, flycat-cloud, breezenet","/faq/, /recommendations/, /clients/",index,950,2026-09-19
70,节点自动选择,节点自动选择 (Auto) 模式好用吗？缺点是什么？,节点与地区,信息解答,节点自动选择,"机场推荐, 节点选购, 排错教程",user_seed,500,stable,0,0.0,unknown,80,faq-070,/faq/faq-070/,detailed_article,直接答案 - 深入原理 - 步骤与排错 - 推荐与核验,"lingdong-cloud, twilight, flycat-cloud, breezenet","/faq/, /recommendations/, /clients/",index,950,2026-09-19
71,IP干净度检测,如何检查自己的节点出口 IP 是否干净？,节点与地区,信息解答,IP干净度检测,"机场推荐, 节点选购, 排错教程",user_seed,500,stable,0,0.0,unknown,80,faq-071,/faq/faq-071/,detailed_article,直接答案 - 深入原理 - 步骤与排错 - 推荐与核验,"lingdong-cloud, twilight, flycat-cloud, breezenet","/faq/, /recommendations/, /clients/",index,950,2026-09-19
72,韩国游戏节点,韩国节点对于韩服游戏联机的延迟表现,节点与地区,信息解答,韩国游戏节点,"机场推荐, 节点选购, 排错教程",user_seed,500,stable,0,0.0,unknown,80,faq-072,/faq/faq-072/,detailed_article,直接答案 - 深入原理 - 步骤与排错 - 推荐与核验,"lingdong-cloud, twilight, flycat-cloud, breezenet","/faq/, /recommendations/, /clients/",index,950,2026-09-19
73,欧洲节点,英国/欧洲节点适合哪些跨境业务？,节点与地区,信息解答,欧洲节点,"机场推荐, 节点选购, 排错教程",user_seed,500,stable,0,0.0,unknown,80,faq-073,/faq/faq-073/,detailed_article,直接答案 - 深入原理 - 步骤与排错 - 推荐与核验,"lingdong-cloud, twilight, flycat-cloud, breezenet","/faq/, /recommendations/, /clients/",index,950,2026-09-19
74,节点全红排障,节点突然全部显示“Timeout 超时”紧急处理清单,节点与地区,信息解答,节点全红排障,"机场推荐, 节点选购, 排错教程",user_seed,500,stable,0,0.0,unknown,80,faq-074,/faq/faq-074/,detailed_article,直接答案 - 深入原理 - 步骤与排错 - 推荐与核验,"lingdong-cloud, twilight, flycat-cloud, breezenet","/faq/, /recommendations/, /clients/",index,950,2026-09-19
75,流量重置规则,机场套餐里的流量是按月重置还是按自然月算？,套餐与价格,信息解答,流量重置规则,"机场推荐, 节点选购, 排错教程",user_seed,500,stable,0,0.0,unknown,80,faq-075,/faq/faq-075/,detailed_article,直接答案 - 深入原理 - 步骤与排错 - 推荐与核验,"lingdong-cloud, twilight, flycat-cloud, breezenet","/faq/, /recommendations/, /clients/",index,950,2026-09-19
76,优惠码报错,使用优惠码提示“Invalid Coupon”失效怎么处理？,套餐与价格,信息解答,优惠码报错,"机场推荐, 节点选购, 排错教程",user_seed,500,stable,0,0.0,unknown,80,faq-076,/faq/faq-076/,detailed_article,直接答案 - 深入原理 - 步骤与排错 - 推荐与核验,"lingdong-cloud, twilight, flycat-cloud, breezenet","/faq/, /recommendations/, /clients/",index,950,2026-09-19
77,自动扣款,机场套餐到期后如果不续费会自动扣款吗？,套餐与价格,信息解答,自动扣款,"机场推荐, 节点选购, 排错教程",user_seed,500,stable,0,0.0,unknown,80,faq-077,/faq/faq-077/,detailed_article,直接答案 - 深入原理 - 步骤与排错 - 推荐与核验,"lingdong-cloud, twilight, flycat-cloud, breezenet","/faq/, /recommendations/, /clients/",index,950,2026-09-19
78,退款政策,购买了套餐发现速度不满意可以申请退款吗？,套餐与价格,信息解答,退款政策,"机场推荐, 节点选购, 排错教程",user_seed,500,stable,0,0.0,unknown,80,faq-078,/faq/faq-078/,detailed_article,直接答案 - 深入原理 - 步骤与排错 - 推荐与核验,"lingdong-cloud, twilight, flycat-cloud, breezenet","/faq/, /recommendations/, /clients/",index,950,2026-09-19
79,流量消耗评估,按月付费 20 元/月 120GB 流量够普通人用吗？,套餐与价格,信息解答,流量消耗评估,"机场推荐, 节点选购, 排错教程",user_seed,500,stable,0,0.0,unknown,80,faq-079,/faq/faq-079/,detailed_article,直接答案 - 深入原理 - 步骤与排错 - 推荐与核验,"lingdong-cloud, twilight, flycat-cloud, breezenet","/faq/, /recommendations/, /clients/",index,950,2026-09-19
80,年付省钱计算,年付优惠套餐相比月付套餐能省多少钱？,套餐与价格,信息解答,年付省钱计算,"机场推荐, 节点选购, 排错教程",user_seed,500,stable,0,0.0,unknown,80,faq-080,/faq/faq-080/,detailed_article,直接答案 - 深入原理 - 步骤与排错 - 推荐与核验,"lingdong-cloud, twilight, flycat-cloud, breezenet","/faq/, /recommendations/, /clients/",index,950,2026-09-19
81,流量叠加包,套餐流量用完了临时怎么加购流量包？,套餐与价格,信息解答,流量叠加包,"机场推荐, 节点选购, 排错教程",user_seed,500,stable,0,0.0,unknown,80,faq-081,/faq/faq-081/,detailed_article,直接答案 - 深入原理 - 步骤与排错 - 推荐与核验,"lingdong-cloud, twilight, flycat-cloud, breezenet","/faq/, /recommendations/, /clients/",index,950,2026-09-19
82,价格差异原因,为什么不同机场同为 100GB 价格差异很大？,套餐与价格,信息解答,价格差异原因,"机场推荐, 节点选购, 排错教程",user_seed,500,stable,0,0.0,unknown,80,faq-082,/faq/faq-082/,detailed_article,直接答案 - 深入原理 - 步骤与排错 - 推荐与核验,"lingdong-cloud, twilight, flycat-cloud, breezenet","/faq/, /recommendations/, /clients/",index,950,2026-09-19
83,支付报错,支付时提示“风险交易限制”如何顺利完成订购？,套餐与价格,信息解答,支付报错,"机场推荐, 节点选购, 排错教程",user_seed,500,stable,0,0.0,unknown,80,faq-083,/faq/faq-083/,detailed_article,直接答案 - 深入原理 - 步骤与排错 - 推荐与核验,"lingdong-cloud, twilight, flycat-cloud, breezenet","/faq/, /recommendations/, /clients/",index,950,2026-09-19
84,企业套餐,企业团队共享套餐与个人套餐有何限制区别？,套餐与价格,信息解答,企业套餐,"机场推荐, 节点选购, 排错教程",user_seed,500,stable,0,0.0,unknown,80,faq-084,/faq/faq-084/,detailed_article,直接答案 - 深入原理 - 步骤与排错 - 推荐与核验,"lingdong-cloud, twilight, flycat-cloud, breezenet","/faq/, /recommendations/, /clients/",index,950,2026-09-19
85,多设备共享,一个机场订阅链接可以在多台设备上同时使用吗？,多设备与订阅,信息解答,多设备共享,"机场推荐, 节点选购, 排错教程",user_seed,500,stable,0,0.0,unknown,80,faq-085,/faq/faq-085/,detailed_article,直接答案 - 深入原理 - 步骤与排错 - 推荐与核验,"lingdong-cloud, twilight, flycat-cloud, breezenet","/faq/, /recommendations/, /clients/",index,950,2026-09-19
86,多端订阅同步,iPhone 和 Mac 电脑怎么共享同一份订阅？,多设备与订阅,信息解答,多端订阅同步,"机场推荐, 节点选购, 排错教程",user_seed,500,stable,0,0.0,unknown,80,faq-086,/faq/faq-086/,detailed_article,直接答案 - 深入原理 - 步骤与排错 - 推荐与核验,"lingdong-cloud, twilight, flycat-cloud, breezenet","/faq/, /recommendations/, /clients/",index,950,2026-09-19
87,Android客户端,Android 手机推荐使用什么客户端软件？,多设备与订阅,信息解答,Android客户端,"机场推荐, 节点选购, 排错教程",user_seed,500,stable,0,0.0,unknown,80,faq-087,/faq/faq-087/,detailed_article,直接答案 - 深入原理 - 步骤与排错 - 推荐与核验,"lingdong-cloud, twilight, flycat-cloud, breezenet","/faq/, /recommendations/, /clients/",index,950,2026-09-19
88,路由器代理,路由器刷 OpenWrt 部署 Clash 教程概要,多设备与订阅,信息解答,路由器代理,"机场推荐, 节点选购, 排错教程",user_seed,500,stable,0,0.0,unknown,80,faq-088,/faq/faq-088/,detailed_article,直接答案 - 深入原理 - 步骤与排错 - 推荐与核验,"lingdong-cloud, twilight, flycat-cloud, breezenet","/faq/, /recommendations/, /clients/",index,950,2026-09-19
89,订阅泄露风险,订阅链接泄露给别人会有什么严重后果？,多设备与订阅,信息解答,订阅泄露风险,"机场推荐, 节点选购, 排错教程",user_seed,500,stable,0,0.0,unknown,80,faq-089,/faq/faq-089/,detailed_article,直接答案 - 深入原理 - 步骤与排错 - 推荐与核验,"lingdong-cloud, twilight, flycat-cloud, breezenet","/faq/, /recommendations/, /clients/",index,950,2026-09-19
90,重置订阅,如何在 Clash 里设置一键重置订阅信息？,多设备与订阅,信息解答,重置订阅,"机场推荐, 节点选购, 排错教程",user_seed,500,stable,0,0.0,unknown,80,faq-090,/faq/faq-090/,detailed_article,直接答案 - 深入原理 - 步骤与排错 - 推荐与核验,"lingdong-cloud, twilight, flycat-cloud, breezenet","/faq/, /recommendations/, /clients/",index,950,2026-09-19
91,电视客户端,智能电视 (Android TV) 怎么安装代理软件？,多设备与订阅,信息解答,电视客户端,"机场推荐, 节点选购, 排错教程",user_seed,500,stable,0,0.0,unknown,80,faq-091,/faq/faq-091/,detailed_article,直接答案 - 深入原理 - 步骤与排错 - 推荐与核验,"lingdong-cloud, twilight, flycat-cloud, breezenet","/faq/, /recommendations/, /clients/",index,950,2026-09-19
92,iPad配置,iPad 设备使用小火箭 Shadowrocket 设置步骤,多设备与订阅,信息解答,iPad配置,"机场推荐, 节点选购, 排错教程",user_seed,500,stable,0,0.0,unknown,80,faq-092,/faq/faq-092/,detailed_article,直接答案 - 深入原理 - 步骤与排错 - 推荐与核验,"lingdong-cloud, twilight, flycat-cloud, breezenet","/faq/, /recommendations/, /clients/",index,950,2026-09-19
93,国内网页打不开,打开代理后打不开百度、微信等国内网页解决,排错与合规,信息解答,国内网页打不开,"机场推荐, 节点选购, 排错教程",user_seed,500,stable,0,0.0,unknown,80,faq-093,/faq/faq-093/,detailed_article,直接答案 - 深入原理 - 步骤与排错 - 推荐与核验,"lingdong-cloud, twilight, flycat-cloud, breezenet","/faq/, /recommendations/, /clients/",index,950,2026-09-19
94,DNS泄漏排排,连接节点后显示 DNS 泄漏怎么彻底解决？,排错与合规,信息解答,DNS泄漏排排,"机场推荐, 节点选购, 排错教程",user_seed,500,stable,0,0.0,unknown,80,faq-094,/faq/faq-094/,detailed_article,直接答案 - 深入原理 - 步骤与排错 - 推荐与核验,"lingdong-cloud, twilight, flycat-cloud, breezenet","/faq/, /recommendations/, /clients/",index,950,2026-09-19
95,1020报错,提示“1020 Access Denied”报错排查方法,排错与合规,信息解答,1020报错,"机场推荐, 节点选购, 排错教程",user_seed,500,stable,0,0.0,unknown,80,faq-095,/faq/faq-095/,detailed_article,直接答案 - 深入原理 - 步骤与排错 - 推荐与核验,"lingdong-cloud, twilight, flycat-cloud, breezenet","/faq/, /recommendations/, /clients/",index,950,2026-09-19
96,系统时间报错,代理内核提示“System Time Mismatch”时间不同步,排错与合规,信息解答,系统时间报错,"机场推荐, 节点选购, 排错教程",user_seed,500,stable,0,0.0,unknown,80,faq-096,/faq/faq-096/,detailed_article,直接答案 - 深入原理 - 步骤与排错 - 推荐与核验,"lingdong-cloud, twilight, flycat-cloud, breezenet","/faq/, /recommendations/, /clients/",index,950,2026-09-19
97,Telegram代理,为什么有时候节点连接成功但无法收发 Telegram 消息？,排错与合规,信息解答,Telegram代理,"机场推荐, 节点选购, 排错教程",user_seed,500,stable,0,0.0,unknown,80,faq-097,/faq/faq-097/,detailed_article,直接答案 - 深入原理 - 步骤与排错 - 推荐与核验,"lingdong-cloud, twilight, flycat-cloud, breezenet","/faq/, /recommendations/, /clients/",index,950,2026-09-19
98,合规使用提醒,使用机场服务进行网络访问的合规边界提醒,排错与合规,信息解答,合规使用提醒,"机场推荐, 节点选购, 排错教程",user_seed,500,stable,0,0.0,unknown,80,faq-098,/faq/faq-098/,detailed_article,直接答案 - 深入原理 - 步骤与排错 - 推荐与核验,"lingdong-cloud, twilight, flycat-cloud, breezenet","/faq/, /recommendations/, /clients/",index,950,2026-09-19
99,休眠唤醒故障,电脑休眠唤醒后代理软件无响应怎么办？,排错与合规,信息解答,休眠唤醒故障,"机场推荐, 节点选购, 排错教程",user_seed,500,stable,0,0.0,unknown,80,faq-099,/faq/faq-099/,detailed_article,直接答案 - 深入原理 - 步骤与排错 - 推荐与核验,"lingdong-cloud, twilight, flycat-cloud, breezenet","/faq/, /recommendations/, /clients/",index,950,2026-09-19
100,工单提交规范,如何提交有效的机场服务纠错与工单反馈？,排错与合规,信息解答,工单提交规范,"机场推荐, 节点选购, 排错教程",user_seed,500,stable,0,0.0,unknown,80,faq-100,/faq/faq-100/,detailed_article,直接答案 - 深入原理 - 步骤与排错 - 推荐与核验,"lingdong-cloud, twilight, flycat-cloud, breezenet","/faq/, /recommendations/, /clients/",index,950,2026-09-19
